feature,gini_importance
Local_feature_53,0.05937691270627013
size,0.05614396836421551
Local_feature_41,0.05083124938753445
Local_feature_55,0.04109666112514653
Local_feature_47,0.03609688471763546
num_output_addresses,0.030994186782834623
Local_feature_43,0.030401662174159103
Local_feature_25,0.026259750093023167
Local_feature_23,0.02558152276955028
Local_feature_90,0.025316462240402012
Aggregate_feature_39,0.025285687520323473
Local_feature_49,0.02455391944220612
Local_feature_66,0.02383080029450305
Local_feature_5,0.022304294901860353
Local_feature_31,0.018503223948704395
Local_feature_60,0.018397554275667697
Local_feature_76,0.01773289466658183
Local_feature_29,0.015824543373775465
Local_feature_18,0.015423182172032026
Local_feature_65,0.014711583784348605
Local_feature_40,0.014158480237749474
Local_feature_58,0.012828877517103274
Aggregate_feature_63,0.012294519895232352
Local_feature_61,0.012280016656459922
Local_feature_52,0.012258091375733837
Local_feature_2,0.0107065319201206
Local_feature_14,0.01041639256672019
Local_feature_59,0.0091191009923534
Aggregate_feature_70,0.008880915931743744
Aggregate_feature_45,0.008665672796522866
Local_feature_64,0.008348961388022774
Local_feature_80,0.008209731256752194
Local_feature_4,0.008197983379160598
fees,0.008046931397658786
Local_feature_67,0.007678639300025272
Local_feature_85,0.007454646841237902
Local_feature_83,0.007045491983160217
Local_feature_22,0.006996095565727488
Aggregate_feature_49,0.006920732649103172
Local_feature_84,0.006705697237898711
Local_feature_89,0.006500817448517025
Local_feature_24,0.00645253616163203
Local_feature_81,0.006366580652001936
Local_feature_46,0.006239383832948817
Aggregate_feature_7,0.006139377151497423
Local_feature_77,0.006035105901529339
Local_feature_30,0.005871589447900621
Local_feature_28,0.005848476477791422
Local_feature_79,0.00575902797466458
Local_feature_16,0.005538125523551143
Aggregate_feature_8,0.005453724566495228
Local_feature_78,0.005280509311247292
Local_feature_54,0.0050539879678385405
out_BTC_min,0.004903426881764921
num_input_addresses,0.004731563282666228
Local_feature_8,0.004592464291481094
Aggregate_feature_51,0.004491418831856506
Local_feature_6,0.004459574914092943
Local_feature_48,0.004424331946419723
Local_feature_1,0.00419799073974683
Aggregate_feature_61,0.00413490801428445
Aggregate_feature_10,0.004050182185040753
Aggregate_feature_65,0.004003460755084181
in_BTC_min,0.003882490451077955
Aggregate_feature_43,0.003692207721528742
Aggregate_feature_68,0.003585369207284371
Aggregate_feature_32,0.0033909281706266787
Aggregate_feature_3,0.0033652709374455436
Local_feature_82,0.0029604398980085044
Aggregate_feature_21,0.0029361509303601307
Aggregate_feature_67,0.0027868585573535103
Aggregate_feature_9,0.0027187892057964637
Aggregate_feature_13,0.0025934926934401427
Aggregate_feature_46,0.0025714535301126318
Local_feature_3,0.002499820791259575
Aggregate_feature_47,0.0022994702168891916
Local_feature_42,0.0022146678707319427
Local_feature_17,0.002069505769632107
Aggregate_feature_37,0.0020010244587264094
Aggregate_feature_53,0.0019323911885931056
Aggregate_feature_66,0.0019323282000807281
Aggregate_feature_44,0.001903658266315391
Aggregate_feature_34,0.0018664470898885524
Aggregate_feature_16,0.001778301189622597
in_BTC_max,0.0017205251103133026
in_BTC_total,0.0016356674174597965
in_BTC_median,0.0016041895371000398
Local_feature_11,0.0015997791015623266
Local_feature_91,0.0015458464292328453
Aggregate_feature_15,0.0015246225662574114
Local_feature_10,0.0014877621159478203
total_BTC,0.001442152394049218
Aggregate_feature_14,0.0013525186213815465
Aggregate_feature_1,0.0013127782137505747
out_BTC_median,0.0013085215989424672
Local_feature_20,0.001279604337488202
in_BTC_mean,0.0012437534936919703
Local_feature_73,0.0012319002611620154
Aggregate_feature_4,0.001198995096631348
out_BTC_max,0.0010371914422251658
Aggregate_feature_64,0.0010369722550407712
out_BTC_total,0.001026630424333268
Local_feature_87,0.0010241486479059569
Local_feature_88,0.0009671787564738028
Local_feature_56,0.0009648128435115684
Local_feature_35,0.0009643922906776286
out_BTC_mean,0.0009634983907734861
Local_feature_62,0.0009626326972949277
Local_feature_72,0.0009603692579408696
Local_feature_71,0.0009406309389629826
Aggregate_feature_69,0.0009347878915989361
Local_feature_9,0.0008837563278649084
Aggregate_feature_52,0.0008766528662475227
Aggregate_feature_50,0.0007999458776555791
Local_feature_13,0.0007818945433798839
Aggregate_feature_31,0.0007667667985877777
Aggregate_feature_2,0.0007559446458055591
Local_feature_19,0.0007324820417083704
Aggregate_feature_41,0.000705240575542393
Aggregate_feature_38,0.0006849370121832792
Local_feature_37,0.0006281857682368512
Local_feature_21,0.000599382767249808
Aggregate_feature_72,0.0005882653203102297
Aggregate_feature_62,0.000555008105144428
Local_feature_57,0.0005527134631417363
Local_feature_86,0.000544627944990806
Aggregate_feature_42,0.0005389145973460021
Aggregate_feature_6,0.000522259950228327
Aggregate_feature_40,0.0005197300208774982
Local_feature_74,0.0005119049755373046
Aggregate_feature_57,0.0005113699224420831
Local_feature_44,0.00048176207973249285
Aggregate_feature_55,0.00048097464953837475
Aggregate_feature_22,0.0004755586075288283
Aggregate_feature_58,0.0004327312860696146
Local_feature_92,0.00042067440050405733
Local_feature_93,0.0004033942102911364
Aggregate_feature_28,0.00039623101157382554
Local_feature_27,0.00037645141609562777
Local_feature_69,0.0003743116167387197
Local_feature_68,0.00034399172004819715
Aggregate_feature_60,0.000336129937834934
Aggregate_feature_11,0.0003325309618760218
Aggregate_feature_71,0.00032979114924511064
Local_feature_12,0.000325318957302917
graph_in_degree,0.0003197007751140832
Local_feature_33,0.00031704334216725333
Aggregate_feature_56,0.00031681061153749924
Aggregate_feature_59,0.00031648200436801407
Aggregate_feature_54,0.00029311612898712963
Aggregate_feature_33,0.000292575218788127
Aggregate_feature_20,0.0002875460491614435
Aggregate_feature_27,0.00027767474675694095
Local_feature_26,0.00024188046975120805
Local_feature_50,0.00023821983300322563
Aggregate_feature_26,0.00023480513697815613
Aggregate_feature_5,0.00023261367766013664
Local_feature_51,0.00022027901243878628
Aggregate_feature_12,0.00022005077731663766
Local_feature_32,0.00021888227644930737
Aggregate_feature_48,0.00021011251962197943
Local_feature_63,0.00019454533599974063
graph_out_degree,0.00018961007508803268
Aggregate_feature_17,0.00018241288765307072
Aggregate_feature_23,0.00018148459974818448
graph_total_degree,0.00017449486461896616
Aggregate_feature_19,0.00016834324477089927
Aggregate_feature_36,0.00016081667371271326
in_txs_degree,0.00015002226391297628
Local_feature_45,0.0001453017011799614
Aggregate_feature_30,0.0001319025210456679
Aggregate_feature_35,0.00012320932507488803
Aggregate_feature_24,0.00012246872734147978
Aggregate_feature_29,0.00011818939356077673
Local_feature_75,0.0001130028744809883
Local_feature_34,9.248646549179647e-05
Aggregate_feature_18,9.060669833662658e-05
out_txs_degree,5.480015493932839e-05
Local_feature_70,4.9148226499646944e-05
Aggregate_feature_25,4.306794635365649e-05
Local_feature_39,2.156688476235919e-05
Local_feature_36,1.5066362220303898e-05
Local_feature_7,6.417483803068984e-06
Local_feature_38,1.4588146461064283e-06
is_structural_missing,4.376579270057519e-19
Local_feature_15,0.0
